id,first_name,last_name,gender,Grade,absence_days,tardy_days,math_grade,science_grade,english_grade,it_grade
1,Marsh,Hullot,Male,1,5,36,52,29,95,87
2,Boniface,Vany,Male,2,0,11,75,83,68,62
3,Harwilll,List,Male,3,20,48,38,11,32,63
4,Carlie,Niche,Male,1,3,24,99,6,61,45
5,Wilow,Regnard,Female,5,11,23,55,43,18,13
6,Sapphire,Lunt,Female,5,19,47,97,35,27,37
7,Walden,Lerohan,Male,5,6,10,80,55,71,15
8,Davita,Blasl,Female,12,13,1,79,19,68,27
9,Elinor,Crumbleholme,Female,7,12,43,7,57,52,99
10,Merrel,Lownsbrough,Male,10,21,9,26,92,40,50
11,Gale,Horburgh,Female,2,15,13,75,71,52,83
12,Mikel,Dicty,Male,3,24,42,41,17,30,92
13,Carma,Andriesse,Female,4,12,30,8,90,90,92
14,Ilene,Dallaghan,Female,1,27,15,71,45,30,6
15,Luther,Jennrich,Male,7,8,50,61,46,64,27
16,Barron,Sparsholt,Male,6,16,21,22,35,52,72
17,Lilly,Cadge,Female,6,9,27,58,55,15,3
18,Suzy,Isham,Female,1,29,36,73,79,71,67
19,Antoni,Josefsson,Male,8,7,36,45,55,1,61
20,Tammi,Foister,Female,7,8,28,87,38,34,86
21,Renae,Heibel,Female,3,23,18,46,8,26,66
22,Cherice,Annable,Female,9,5,0,59,96,2,53
23,Carroll,Bakster,Male,11,21,42,85,70,54,60
24,Bernardine,Pryor,Female,2,23,9,69,39,20,61
25,Sebastien,Ponten,Male,10,21,4,77,43,54,35
26,Jerrold,Harford,Male,8,18,9,65,82,10,67
27,Demetris,Sapsed,Female,6,28,12,51,40,54,48
28,Dre,Kelland,Female,9,1,14,72,7,3,96
29,Giorgia,Goskar,Female,8,22,40,69,20,12,89
30,Virgilio,Wardel,Male,5,29,10,35,12,62,6
31,Valentia,Adamski,Female,4,20,50,36,19,13,44
32,Alex,Herreran,Male,1,17,43,33,64,41,94
33,Jobyna,Coen,Female,9,18,39,4,30,71,52
34,Kennie,Egalton,Male,2,6,32,78,87,67,60
35,Fritz,Marcussen,Male,11,8,47,75,75,91,92
36,Dani,Andell,Female,3,19,42,90,43,90,16
37,Carroll,Alti,Female,7,25,0,100,96,68,63
38,Randi,Vears,Female,4,15,2,95,87,10,26
39,Abey,Norcutt,Male,7,18,23,11,98,18,70
40,Florri,Seyffert,Female,8,29,7,6,56,82,94
41,Laetitia,Camillo,Female,7,3,0,34,61,83,10
42,Betti,Treven,Female,11,22,24,85,48,40,85
43,Joanne,Paszak,Female,2,6,9,56,81,23,70
44,Rosabelle,Threlkeld,Female,11,6,26,4,61,72,84
45,Inglebert,MacClancey,Male,10,1,41,10,23,23,60
46,Stanislaus,Ingraham,Male,9,17,6,87,76,38,15
47,Lurleen,Bettenson,Female,6,27,39,95,94,51,81
48,Luisa,Hanney,Female,12,18,32,44,75,65,45
49,Falkner,Darbey,Male,2,26,34,84,76,92,30
50,Antonella,Greenset,Female,4,3,48,18,75,64,52
51,Philbert,Arnaldi,Male,11,0,28,32,33,74,35
52,Frankie,Schenkel,Male,8,0,15,33,23,52,89
53,Edmund,Dumbrall,Male,5,4,29,50,85,100,93
54,Shanna,Pinckstone,Female,9,11,23,73,10,65,100
55,Louie,Neat,Male,3,30,35,94,31,20,64
56,Emera,Tomalin,Female,2,0,34,66,81,97,10
57,Rora,Cowup,Female,11,14,50,0,37,59,25
58,Bellina,Sandom,Female,10,11,7,58,78,22,78
59,Jessie,Elsmore,Male,1,21,24,88,59,51,30
60,Alexio,Caughey,Male,3,22,4,66,94,65,88
61,Jard,Thursfield,Male,5,1,18,36,15,31,13
62,Gracie,Cholwell,Female,5,5,26,90,3,68,63
63,Gauthier,Lomax,Male,8,3,18,48,7,83,95
64,Christin,Sang,Female,4,11,11,19,54,66,0
65,Bernita,Borrel,Female,6,13,12,98,15,79,0
66,Dianne,Ivanuschka,Female,11,16,6,81,84,69,55
67,Gamaliel,Adamides,Male,1,13,15,83,60,20,82
68,Arney,Tilson,Male,7,18,49,71,27,77,81
69,Jasmine,Barkhouse,Female,10,4,14,8,92,29,75
70,Rosy,Kupper,Female,5,23,4,100,23,92,77
71,Bernard,Adne,Male,8,3,42,94,81,50,31
72,Garey,Abbis,Male,2,10,50,30,17,28,7
73,Roselle,Gallie,Female,3,22,49,36,30,81,87
74,Alica,Jeanet,Female,11,27,35,2,25,27,11
75,Angela,Egar,Female,8,29,20,69,65,52,52
76,Dani,Alfonso,Female,9,14,1,49,29,51,43
77,Sibby,Klimuk,Female,2,19,38,68,28,13,67
78,Jeralee,Bowbrick,Female,2,27,25,56,17,81,24
79,Kylie,Boerderman,Female,9,26,43,40,22,32,39
80,Elliott,De Souza,Male,6,5,18,81,81,77,61
81,Otis,Baldoni,Male,9,21,2,60,13,18,63
82,Carl,Mechic,Male,3,30,48,34,95,79,36
83,Clayborn,Dunthorn,Male,8,24,38,51,72,77,63
84,Marquita,Mingey,Female,12,13,33,26,63,8,99
85,Vivia,Suddards,Female,12,15,0,50,32,53,58
86,Babbie,Webling,Female,2,26,50,27,33,96,63
87,Conan,Duff,Male,7,19,20,50,17,87,84
88,Cindie,Kilcoyne,Female,2,1,16,28,70,82,64
89,Adorne,Yurlov,Female,10,13,2,89,53,27,52
90,Godfry,Maharey,Male,12,5,28,49,49,57,86
91,Clyde,Farryan,Male,1,1,19,17,97,13,98
92,Tanhya,Cribbott,Female,4,1,7,1,94,73,51
93,Koenraad,Garci,Male,12,19,42,90,9,47,3
94,Dru,Radki,Male,8,14,47,63,27,78,79
95,Beryl,Bishop,Female,3,10,4,92,10,46,78
96,Cliff,Wilber,Male,5,5,32,51,36,20,51
97,Demetre,Leehane,Male,6,5,45,20,47,29,99
98,Willy,Mellody,Male,4,9,1,31,1,40,56
99,Valentino,Storm,Male,9,7,37,6,84,93,35
100,Andrus,D'Ambrosi,Male,10,16,8,82,44,71,55
101,Kira,Brownjohn,Female,8,5,30,7,45,45,78
102,Cullan,Brandel,Male,12,1,26,40,83,8,22
103,Thaxter,Macoun,Male,10,12,46,35,0,45,89
104,Dina,Gunston,Female,11,6,44,72,14,15,82
105,Paten,Guiness,Male,11,7,39,88,65,54,29
106,Bjorn,Causer,Male,11,23,1,30,22,11,73
107,Zared,Onele,Male,12,26,44,7,25,16,21
108,Phyllys,Spaxman,Female,6,22,25,80,23,36,64
109,Shani,Ciric,Female,9,22,48,20,74,14,92
110,Tobi,Anglin,Female,1,3,0,12,47,76,75
111,Cad,Binny,Male,10,14,36,25,70,7,79
112,Velvet,Beade,Female,1,30,17,57,77,74,87
113,Silvester,Wainman,Male,10,7,33,44,10,13,2
114,Leda,Eginton,Female,5,0,33,41,18,59,78
115,Carce,Schooley,Male,2,17,28,64,64,72,47
116,Jade,Launder,Female,2,15,50,40,75,82,24
117,Nancie,Jakeman,Female,5,0,12,56,72,75,66
118,Rich,Ogilvie,Male,8,16,2,22,24,18,70
119,Rivkah,MacConnal,Female,9,22,8,22,5,72,59
120,Francesca,Clancy,Female,11,6,24,53,39,72,1
121,Consuela,Stebbings,Female,8,4,25,25,65,47,19
122,Bridget,Panting,Female,1,15,11,7,58,52,1
123,Rockwell,Ryles,Male,5,5,24,81,38,31,1
124,Fredric,Priestland,Male,1,30,15,71,36,96,69
125,Derrick,Lackington,Male,8,19,17,28,75,51,56
126,Allis,Davion,Female,4,1,16,66,43,54,79
127,Carri,Kamena,Female,12,8,44,85,3,21,32
128,Berget,Palley,Female,9,4,40,39,96,3,19
129,Delores,Barsby,Female,7,6,29,69,49,52,31
130,Fawn,McJury,Female,7,12,50,61,1,25,32
131,Colan,Wallicker,Male,8,0,25,83,58,42,18
132,Jessi,Yakovitch,Female,2,16,48,69,42,93,24
133,Crawford,McTear,Male,12,18,38,3,23,55,50
134,Griffie,Whinney,Male,1,9,37,28,18,65,79
135,Ryley,Lyons,Male,1,24,14,59,36,30,76
136,Calla,Tales,Female,6,7,46,37,51,50,44
137,Inga,Cumber,Female,10,28,16,56,20,29,15
138,Katherina,Scrymgeour,Female,6,4,34,20,26,93,79
139,Elliott,Boshell,Male,11,30,47,84,0,84,3
140,Pauly,Joskowicz,Male,11,11,35,15,13,35,39
141,Annamaria,Philipsson,Female,12,7,49,14,56,32,88
142,Ariana,Noor,Female,2,20,20,80,86,72,0
143,Lucian,Syvret,Male,11,0,15,48,65,8,47
144,Raoul,Ochterlonie,Male,9,10,2,5,31,62,30
145,Grant,Cadreman,Male,10,0,31,35,12,25,60
146,Thorny,Rosewell,Male,5,7,37,7,77,7,96
147,Sonnie,Coggings,Male,10,1,6,32,5,17,79
148,Jarret,Skerrett,Male,11,20,39,80,27,60,34
149,Jarvis,Friel,Male,2,22,29,96,29,42,81
150,Dorian,Clackers,Male,1,7,8,51,12,47,2
151,Dianne,Roads,Female,8,27,0,37,21,35,47
152,Pepita,Nisbet,Female,11,7,23,16,66,24,49
153,Fitz,Scatchard,Male,10,26,15,91,8,52,7
154,Norah,Flecknell,Female,4,28,11,40,82,16,100
155,Granger,Doddrell,Male,3,12,13,4,73,38,67
156,Kaitlin,Christley,Female,7,13,2,16,49,23,16
157,Payton,Ruberti,Male,7,26,34,73,62,6,22
158,Hobard,Wardell,Male,12,18,46,29,37,6,23
159,Yurik,Smitherham,Male,2,23,47,39,23,22,14
160,Flossi,Ingon,Female,5,20,40,32,16,49,87
161,Branden,Beahan,Male,12,18,8,17,88,29,28
162,Cly,Spikeings,Male,12,4,24,1,53,67,26
163,Giulia,Klemps,Female,4,4,12,22,15,96,0
164,Boonie,Bourbon,Male,8,2,24,25,100,72,37
165,Dalt,Lasham,Male,9,0,22,40,43,31,36
166,Monique,Wellbank,Female,12,2,23,64,10,23,85
167,Nancey,Olle,Female,11,30,35,46,31,81,95
168,Roxy,Gregg,Female,5,27,6,64,21,90,48
169,Viola,Kordt,Female,2,23,39,9,94,53,19
170,Ax,De Giorgis,Male,7,4,37,31,27,72,26
171,Dian,Downing,Female,12,10,18,98,13,25,65
172,Cecil,Epine,Male,1,30,0,65,69,62,94
173,Erasmus,Hardaway,Male,1,20,4,6,50,52,34
174,Luciana,Cotty,Female,5,13,2,14,7,71,24
175,Mabelle,Fernando,Female,12,28,20,19,64,47,61
176,Valentine,Hillyatt,Female,11,1,40,85,19,40,14
177,Gerrilee,Thorby,Female,8,6,32,52,0,34,71
178,Jethro,Vannacci,Male,7,1,17,3,42,49,66
179,Borg,Stout,Male,4,14,8,98,25,83,39
180,Malorie,Thorpe,Female,7,27,4,55,24,38,79
181,Granger,Helks,Male,7,24,39,8,37,7,81
182,Aldis,D'Alessio,Male,10,18,43,56,33,24,64
183,Jerrilyn,Leverette,Female,7,13,47,96,70,78,16
184,Jesselyn,De La Cote,Female,11,27,21,16,26,38,92
185,Ogden,Gland,Male,7,11,37,24,71,15,54
186,Templeton,Isgate,Male,4,29,6,9,99,99,34
187,Tabby,Vinden,Female,1,10,25,46,79,95,87
188,Forbes,Haslehurst,Male,1,7,21,59,73,89,87
189,Jesse,Aven,Male,4,8,47,29,83,86,28
190,Cass,Baiss,Female,10,16,18,26,96,1,88
191,Gilberto,Pottle,Male,9,14,33,13,63,83,45
192,Marcellina,Scottini,Female,3,28,45,59,10,0,61
193,Erwin,Northley,Male,8,23,39,18,77,48,45
194,Blithe,Elmhirst,Female,6,3,40,66,59,28,72
195,Justis,Dahl,Male,10,13,22,24,95,16,2
196,Herminia,Kitney,Female,4,12,16,77,37,92,57
197,Sissie,Harvatt,Female,5,25,13,99,55,3,98
198,Alfy,Netherclift,Male,9,26,26,20,2,92,59
199,Marijo,Frangleton,Female,3,14,0,80,14,48,35
200,Franny,Vitte,Female,9,0,2,100,9,14,80
201,Konrad,Davidou,Male,12,1,18,66,21,42,53
202,Homer,Baptie,Male,3,30,35,81,86,22,44
203,Britni,Dalgetty,Female,4,10,11,28,22,79,45
204,Heidie,Spoor,Female,5,12,36,85,57,49,30
205,Bartholomew,Paudin,Male,12,5,49,99,12,86,68
206,Neale,Malinson,Male,10,23,5,99,61,74,40
207,Anallise,Hoffman,Female,3,26,38,94,57,31,98
208,Christos,Windebank,Male,8,26,14,38,43,10,65
209,Corenda,Muxworthy,Female,4,1,34,79,97,52,52
210,Moria,Windybank,Female,7,24,21,97,86,90,58
211,Hodge,Daverin,Male,3,17,1,23,72,33,11
212,Agna,Emerton,Female,1,9,6,28,58,74,50
213,Jaye,Jahnig,Male,10,1,1,37,6,68,100
214,Betsey,Ayre,Female,9,9,47,81,91,77,75
215,Jodie,Sterry,Male,5,25,29,85,90,10,33
216,Lynne,Edscer,Female,6,27,38,47,13,16,92
217,Meta,Rapier,Female,3,0,17,29,12,47,98
218,Selene,Torrans,Female,8,4,4,0,43,67,62
219,Bessie,Craker,Female,11,16,5,38,69,27,1
220,Jay,Roelofs,Male,3,22,21,67,44,63,60
221,Deeyn,Valance,Female,12,12,41,23,73,100,13
222,Jo,Craigmyle,Male,9,1,30,38,11,15,63
223,Yvonne,Rajchert,Female,5,26,23,71,84,28,83
224,Ellette,Matasov,Female,3,6,49,53,7,33,60
225,Carlota,Seath,Female,12,9,33,17,66,49,85
226,Dalt,Rampling,Male,6,15,15,95,27,61,81
227,Kennith,Warlton,Male,12,16,39,26,48,63,30
228,Selena,Kruschov,Female,10,4,47,10,16,26,88
229,Francis,Povey,Male,7,9,34,83,91,67,68
230,Tatiana,Peregrine,Female,8,16,24,79,61,43,46
231,Bernete,Claffey,Female,10,21,32,55,22,2,25
232,Moshe,Ounsworth,Male,2,5,41,61,90,93,98
233,Rhodia,Danniell,Female,4,17,10,100,51,32,1
234,Rodie,Werner,Female,12,6,33,0,93,68,26
235,Laryssa,Inger,Female,11,5,4,61,59,82,28
236,Michal,Axelbey,Female,10,1,44,86,20,40,0
237,Bucky,Yakubov,Male,11,18,33,79,46,27,85
238,Blondy,Iacovolo,Female,8,28,36,25,11,56,90
239,Darbee,Splevin,Male,5,18,27,9,34,37,68
240,Connie,Byrcher,Male,8,0,3,38,22,2,68
241,Anne-corinne,Raeburn,Female,1,15,22,51,46,57,89
242,Jillian,Fitzsymon,Female,5,17,36,11,3,37,7
243,Reider,Plumb,Male,3,0,27,86,74,56,73
244,Hillyer,O'Shevlin,Male,8,9,39,94,99,17,29
245,Noe,Pirelli,Male,3,6,31,79,93,100,53
246,Catharina,Bourdel,Female,4,0,29,17,36,9,66
247,Angelia,Bootman,Female,3,0,31,62,55,60,84
248,Tuck,Le Guin,Male,1,18,31,24,9,38,35
249,Alayne,Pasek,Female,3,25,17,74,30,72,78
250,Elisha,Game,Male,10,8,1,52,6,98,78
251,Haily,Templar,Female,12,27,20,35,80,84,94
252,Tobe,Mansford,Male,6,11,7,97,23,25,18
253,Jerri,Farfolomeev,Male,6,25,14,16,43,75,71
254,Wynne,Romand,Female,1,10,5,5,74,46,71
255,Kalindi,Zouch,Female,9,29,47,51,33,4,57
256,Obediah,Murtagh,Male,11,6,14,9,46,62,26
257,Angele,Jahns,Female,6,14,26,57,15,77,32
258,Dede,Shill,Female,1,5,43,48,80,7,83
259,Tim,Jepp,Male,10,10,43,6,20,40,91
260,Margarete,Finlason,Female,3,2,42,41,4,72,44
261,Tarah,Kopec,Female,8,16,2,80,30,60,3
262,Reagan,Martugin,Male,4,15,16,38,67,26,52
263,Lydia,Kesten,Female,11,11,48,97,37,89,62
264,Moyra,Limbert,Female,11,16,20,58,9,14,1
265,Gillie,Kelmere,Female,8,26,16,52,100,66,82
266,Jewel,Woolbrook,Female,2,17,13,5,44,72,31
267,Chandler,Buzek,Male,12,0,31,98,33,15,35
268,Harriott,Innocenti,Female,3,22,23,29,74,68,8
269,Halette,Sibery,Female,12,5,16,3,80,37,4
270,Raffarty,Petronis,Male,10,15,38,25,47,57,99
271,Syman,Gorler,Male,1,25,34,64,9,94,56
272,Dorree,Scardifeild,Female,3,22,47,37,39,34,32
273,Seumas,Simonini,Male,12,7,3,59,34,71,3
274,Dolores,Kondratenya,Female,5,7,30,37,28,1,51
275,Neils,Isabell,Male,3,10,30,21,6,92,0
276,Arlinda,Kovnot,Female,10,6,42,97,37,27,36
277,Gerry,Bhar,Female,11,25,26,69,79,43,68
278,Sigrid,Swafield,Female,12,17,35,87,91,57,50
279,Dmitri,Dorro,Male,7,22,21,51,12,96,2
280,Carce,Ackenhead,Male,12,30,8,2,15,5,34
281,Merline,Witheford,Female,2,17,5,6,86,22,23
282,Lesley,Nore,Male,12,21,15,23,30,27,63
283,Clarissa,Attenborrow,Female,7,11,16,79,84,7,76
284,Leanor,Bynert,Female,12,26,29,97,98,13,77
285,Holden,O'Dulchonta,Male,7,19,23,96,61,96,92
286,Fredek,Bavester,Male,10,30,48,15,42,65,18
287,Davita,Goodley,Female,7,22,46,32,100,16,74
288,Orlando,Doughtery,Male,2,25,26,5,33,1,34
289,Etienne,Kullmann,Male,10,7,37,5,75,9,2
290,Jacob,Haselgrove,Male,4,10,7,29,77,42,70
291,Bartel,Callander,Male,7,20,0,71,68,79,12
292,Gabey,Tordiffe,Female,4,28,42,97,51,50,10
293,Dov,Arp,Male,9,24,38,35,17,87,44
294,Nancee,Potes,Female,5,11,45,90,92,72,50
295,Marian,Lighterness,Female,8,2,12,0,48,31,15
296,Adiana,Bloore,Female,2,14,10,48,6,95,45
297,Andromache,Joesbury,Female,4,5,35,48,13,58,88
298,Judon,Sexcey,Male,1,9,1,79,43,56,99
299,Gaultiero,Enticott,Male,5,4,25,9,64,40,14
300,Flo,Moncrieffe,Female,1,15,23,54,12,97,13
301,Dur,Twinborough,Male,7,15,36,42,83,18,15
302,Warden,Megarry,Male,4,13,23,20,38,20,61
303,Gunar,Feehery,Male,12,11,3,49,98,49,38
304,Collie,Swinney,Female,3,0,7,4,87,48,47
305,Loria,Kilrow,Female,1,18,30,11,95,75,96
306,Lorenzo,Bourton,Male,2,23,42,98,17,53,22
307,Bradan,Phippen,Male,11,19,3,7,76,69,42
308,Almeta,Loeber,Female,9,24,15,70,5,36,9
309,Daffi,Ovid,Female,7,14,13,21,16,91,54
310,Yorgo,Bengtsen,Male,6,14,32,8,54,31,16
311,Pedro,Kristof,Male,2,15,37,70,71,87,89
312,Chloris,Gomersal,Female,9,4,9,87,21,9,4
313,Beitris,Shackleford,Female,4,3,48,64,38,1,12
314,Cheslie,Hanrott,Female,3,1,25,61,59,79,26
315,Bibbie,Beccles,Female,9,17,12,9,64,39,20
316,Shep,Faircliff,Male,6,24,38,80,9,25,42
317,Nicola,Bloxam,Female,2,27,25,45,52,85,74
318,Deb,Tanslie,Female,8,8,50,58,54,10,30
319,Katy,Ellingsworth,Female,12,7,29,89,16,23,38
320,Wanda,Vanlint,Female,8,18,12,5,63,63,19
321,Joann,Sharrocks,Female,2,8,18,2,37,32,80
322,Jacklin,Gofford,Female,4,23,44,69,24,65,43
323,Nora,Christian,Female,7,7,14,32,24,1,57
324,Birch,Mebes,Male,11,20,36,65,33,52,38
325,Tim,Simanenko,Female,9,21,35,38,52,97,22
326,Afton,Bilt,Female,8,7,10,87,71,91,95
327,Halsy,Thulborn,Male,2,0,12,20,23,28,80
328,Dahlia,Hewertson,Female,12,26,47,61,79,83,36
329,Darby,O'Kenny,Male,3,29,8,100,79,3,66
330,Pooh,Heisler,Female,10,1,33,56,47,79,33
331,Carie,Benninger,Female,3,3,38,5,65,92,85
332,Kliment,Spirritt,Male,5,17,50,44,16,39,46
333,Cherry,Marcos,Female,12,29,13,16,65,23,95
334,Forrest,Knatt,Male,3,22,24,40,21,36,25
335,Cullie,Crockatt,Male,1,22,18,35,43,16,46
336,Tony,Angood,Male,6,21,7,1,82,45,70
337,Ryun,Bordone,Male,11,17,43,71,89,41,49
338,Mohandas,Di Pietro,Male,5,19,34,50,75,44,51
339,Vivian,Hopkins,Female,3,18,23,70,89,38,99
340,Hubert,Worrell,Male,12,29,44,93,60,12,53
341,Verne,Lapsley,Male,10,3,41,60,0,30,24
342,Dillie,Dael,Male,9,23,37,93,13,4,69
343,Jorgan,Cowlam,Male,3,18,30,17,60,10,53
344,Gearalt,Wrightham,Male,4,26,19,31,77,99,27
345,Lefty,Loveitt,Male,7,18,12,73,87,76,18
346,Nichole,Hencke,Female,5,11,23,9,10,54,98
347,Darleen,Liverock,Female,6,27,34,11,51,19,11
348,Cassandre,Forker,Female,10,3,33,14,68,71,95
349,Dolf,Rentilll,Male,9,18,21,48,78,60,39
350,Shannon,Crosser,Male,5,28,19,22,92,32,68
351,Kaspar,Bingley,Male,12,26,17,45,19,84,84
352,Janetta,Riordan,Female,8,10,30,30,34,88,100
353,Nappy,Blockey,Male,5,23,37,36,36,28,5
354,Olly,Yarr,Male,12,8,11,67,65,98,64
355,Nicolina,Scalera,Female,12,29,46,56,4,48,46
356,Hagen,Margach,Male,7,5,48,9,19,85,56
357,Marcy,Tybalt,Female,9,11,9,42,99,57,2
358,Zea,Withams,Female,11,19,9,94,99,57,68
359,Hercule,Toffetto,Male,11,5,48,34,3,60,45
360,Gilligan,Holsall,Female,11,13,22,12,62,89,92
361,Byran,Ainsley,Male,12,30,15,98,53,70,46
362,Quinn,Ewells,Male,10,21,34,79,3,74,86
363,Keely,Quarrie,Female,7,24,41,58,62,80,48
364,Salvatore,Pleace,Male,12,3,17,67,25,27,14
365,Lanny,Targetter,Female,9,21,44,4,14,90,64
366,Faustine,Reddie,Female,3,20,1,11,19,26,9
367,Theda,Zimmermanns,Female,3,22,47,88,6,50,46
368,Killian,Geare,Male,2,11,16,22,1,41,29
369,Nita,Reimer,Female,5,9,8,18,38,26,60
370,Ferne,Moakler,Female,12,19,7,58,52,35,87
371,Craggy,Iacobucci,Male,11,23,31,41,50,73,52
372,Elly,Crewther,Female,3,17,16,73,36,64,47
373,Royall,Kaiser,Male,1,24,22,71,39,45,55
374,Alberik,Labbati,Male,12,4,3,6,39,69,4
375,Cassy,Abson,Female,12,10,44,42,20,33,3
376,Nikki,Delbergue,Male,8,21,41,49,96,70,52
377,Kitty,Badwick,Female,12,11,25,85,95,57,61
378,Shell,Langcastle,Male,4,29,19,90,30,17,15
379,Arluene,Bartolini,Female,5,23,42,75,61,53,96
380,Charley,Crabbe,Male,12,2,38,75,59,72,9
381,Teddy,Jorczyk,Female,10,16,48,99,52,22,83
382,Leanora,Chatwin,Female,3,14,26,72,26,11,33
383,Ellynn,Cucuzza,Female,3,17,9,52,61,37,97
384,Lin,Whitmarsh,Female,6,26,3,72,31,9,11
385,Nate,Cubbinelli,Male,12,17,45,94,4,88,95
386,Hatti,Petzolt,Female,1,23,12,14,56,29,94
387,Giuseppe,Jakeman,Male,3,2,18,49,76,6,86
388,Kellen,Jerromes,Male,8,25,15,47,32,34,49
389,Perice,Lofts,Male,3,6,17,53,14,100,15
390,Ddene,Sumers,Female,6,13,12,93,60,59,32
391,Babs,Billingham,Female,10,27,41,3,55,46,93
392,Stormy,Puttnam,Female,11,24,0,58,86,23,55
393,Mellicent,Belvard,Female,5,22,30,71,8,5,53
394,Louella,Gribbin,Female,6,7,13,97,34,73,20
395,Eilis,Nelsen,Female,3,14,46,63,63,70,66
396,Davie,Meehan,Male,2,18,6,57,46,49,53
397,Cornelle,Harbidge,Female,8,6,20,59,64,88,86
398,Allix,Gatrill,Female,5,18,12,2,11,31,60
399,Angie,Sly,Female,7,12,6,32,91,77,67
400,Ninon,Penni,Female,10,30,38,94,72,60,19
401,Forester,Callam,Male,1,23,46,10,92,55,55
402,Harwilll,Elnough,Male,1,14,17,55,16,15,77
403,Obie,Chavrin,Male,8,4,1,18,9,19,75
404,Fanya,Aldwinckle,Female,11,22,18,81,25,65,12
405,Quintina,Sokale,Female,3,22,47,32,19,54,83
406,Betteann,Lodwick,Female,4,0,19,13,27,33,15
407,Geraldine,Gidley,Female,4,12,22,14,67,87,18
408,Frasier,Gingles,Male,5,9,15,53,20,83,69
409,Timothea,Shearstone,Female,1,1,43,36,23,71,98
410,Paddie,Warnock,Male,12,16,46,16,66,78,96
411,Wallis,Forst,Male,7,26,39,19,47,31,65
412,Janith,Bowsher,Female,12,29,44,29,71,6,22
413,Reinold,McPolin,Male,10,8,41,36,7,76,63
414,Lothario,O'Neal,Male,8,15,44,34,5,90,5
415,Dagny,Laughlin,Male,2,10,35,28,81,89,5
416,Boy,Tomek,Male,7,10,21,66,72,17,39
417,Thatcher,Mattosoff,Male,1,1,34,1,89,99,47
418,Peri,Towsie,Female,2,3,16,69,91,85,92
419,Reina,Mattingley,Female,2,20,49,55,68,1,52
420,Dominick,Fidgin,Male,11,11,35,73,18,36,80
421,Uta,Dyton,Female,4,29,3,17,69,96,93
422,Lanae,Rangall,Female,12,20,47,58,97,27,60
423,Dix,Axon,Female,7,0,39,74,50,62,47
424,Garry,Phythian,Male,7,14,2,11,29,39,10
425,Nataniel,Bollon,Male,1,6,38,65,66,58,97
426,Lilias,Emor,Female,6,26,39,87,28,27,16
427,Abdul,Dudden,Male,9,25,50,88,96,37,94
428,Hunt,Yedall,Male,6,29,29,72,86,68,41
429,Cortney,Geistmann,Female,9,9,10,61,93,19,21
430,Karilynn,Pudge,Female,12,28,37,89,80,65,0
431,Lionel,Origin,Male,2,18,0,62,15,64,46
432,Bill,Fidal,Female,6,21,31,3,92,66,84
433,Jannelle,Calcraft,Female,2,28,30,61,62,89,27
434,Dory,Rickard,Male,11,25,19,51,56,89,42
435,Ulysses,Praill,Male,9,6,23,70,26,22,11
436,Audi,Ferrini,Female,2,29,10,79,15,41,94
437,Bevan,Daye,Male,3,10,36,97,35,68,17
438,Vivianne,Heffron,Female,9,11,0,23,88,87,58
439,Juliet,D'Alwis,Female,8,18,49,46,26,75,62
440,Sidney,Tutton,Male,8,2,26,67,97,46,70
441,Vicky,Kershaw,Female,12,8,44,52,89,6,35
442,Bryn,Mougin,Male,5,7,49,10,23,41,43
443,Alysia,Ewell,Female,9,20,32,36,64,51,17
444,Winifield,Semble,Male,4,28,8,62,67,91,2
445,Olva,Brennen,Female,1,16,46,80,58,62,74
446,Pauly,Reye,Male,5,19,22,97,2,78,22
447,Hale,Gostyke,Male,3,2,2,35,74,38,12
448,Pete,Hanshaw,Male,8,15,2,22,14,61,19
449,Hazlett,Penrith,Male,5,0,32,73,93,15,12
450,Larina,Siward,Female,4,29,6,97,22,18,92
451,Luther,Tolland,Male,2,30,8,19,83,52,18
452,Ariel,Covotto,Female,9,22,2,1,33,63,83
453,Lana,Weatherdon,Female,2,25,31,22,4,100,0
454,Myrtie,Cripin,Female,8,10,16,68,18,95,56
455,Gibbie,Silver,Male,1,2,48,40,60,93,64
456,Dominga,Shelper,Female,3,15,33,71,83,61,50
457,Marcie,Grishelyov,Female,9,25,36,50,91,66,55
458,Chicky,Fitzpayn,Female,7,28,31,18,86,14,42
459,Robinia,Ceeley,Female,12,16,20,25,83,10,54
460,Ingaberg,Euplate,Female,10,28,37,16,7,31,34
461,Fritz,Mowling,Male,2,17,4,65,94,28,12
462,Robin,Lyness,Male,7,11,14,95,74,15,47
463,Phylis,Antoniak,Female,1,15,5,69,30,7,75
464,Emmett,Commuzzo,Male,6,8,26,98,66,57,88
465,Sherline,Peaker,Female,1,8,11,70,95,59,70
466,Annelise,Codman,Female,12,20,9,86,34,22,14
467,Aeriela,Dine-Hart,Female,4,11,50,96,1,54,32
468,Redford,Mattingly,Male,11,20,50,70,53,27,22
469,Fleming,Rotte,Male,5,4,17,91,22,10,8
470,Araldo,Giacobillo,Male,1,18,5,39,48,100,57
471,Esdras,Klossek,Male,2,25,40,20,89,93,94
472,Simonne,Pagett,Female,1,30,38,56,10,52,91
473,Davy,Ballinghall,Male,12,2,13,58,26,89,42
474,Shandeigh,Penman,Female,10,3,38,27,8,34,74
475,Michaela,Bangs,Female,2,3,5,73,15,75,22
476,Bord,Wheal,Male,2,22,49,84,75,17,22
477,Verene,Cosgriff,Female,8,24,32,4,18,32,91
478,Samaria,Beggs,Female,10,12,28,6,22,8,72
479,Cleo,Durtnel,Female,1,23,42,22,72,55,34
480,Pavia,Lasseter,Female,2,19,49,84,39,92,62
481,Vasilis,Braithwait,Male,9,28,3,77,26,100,94
482,Lucienne,Burkinshaw,Female,8,11,5,13,11,50,30
483,Ebony,Skerrett,Female,1,29,2,100,93,97,97
484,Emera,Albany,Female,10,6,17,81,2,68,95
485,Indira,Solland,Female,7,12,50,88,69,15,92
486,Basilius,Toyer,Male,4,14,50,72,17,82,33
487,Nicolais,Mudge,Male,9,28,19,34,77,25,51
488,Katlin,Haryngton,Female,12,28,29,74,82,35,93
489,Elsinore,Lissaman,Female,10,28,15,72,19,59,3
490,Thorstein,Bricksey,Male,11,30,18,8,7,20,92
491,Lia,Egre,Female,2,24,28,100,10,59,99
492,Jackqueline,Charlo,Female,4,20,27,51,12,13,58
493,Aliza,Zannutti,Female,12,22,47,33,64,93,12
494,Horatius,Petkov,Male,2,23,35,55,75,85,84
495,Lezley,Garron,Male,10,8,43,45,25,9,12
496,Venus,Reisen,Female,10,10,11,49,63,71,77
497,Marcelo,O'Callaghan,Male,8,7,3,83,53,98,26
498,Vivyanne,Flello,Female,1,23,46,69,76,100,4
499,Hussein,Dockreay,Male,12,6,0,46,46,59,83
500,Sloan,Barkway,Male,12,9,28,14,33,96,43
501,Darbee,By,Male,11,19,39,90,97,21,66
502,Ashien,Cowely,Female,3,30,5,32,31,27,90
503,Kat,Dumphreys,Female,11,18,39,47,97,75,71
504,Kelcy,Beeck,Female,3,15,37,33,65,100,20
505,Benita,Samson,Female,2,15,39,49,16,11,29
506,Rolando,Mapledoram,Male,8,22,41,23,6,89,83
507,Ted,Routham,Male,8,8,19,88,48,92,58
508,Vallie,Enders,Female,12,6,19,91,30,1,24
509,Montague,Bates,Male,12,30,38,77,34,67,71
510,Farly,Bonnaire,Male,10,12,44,4,49,23,94
511,Samuel,Fiddyment,Male,12,2,21,84,46,65,93
512,Georgine,Jakab,Female,5,3,13,42,75,66,23
513,Shae,Stebbing,Female,10,16,31,17,20,1,64
514,Dolph,Loffel,Male,4,12,20,78,28,63,64
515,Gabi,Phonix,Female,3,7,32,73,14,86,8
516,Olag,Whiffen,Male,2,19,19,29,58,27,34
517,Merrily,Gascoine,Female,5,25,28,8,6,96,15
518,Matty,Cettell,Male,12,14,27,64,53,46,30
519,Genevieve,Inchan,Female,12,20,31,92,95,84,26
520,Gale,Shiel,Female,11,10,15,16,52,60,5
521,Chas,Jimmes,Male,11,19,25,81,72,10,28
522,Gerianna,Taplin,Female,11,5,32,19,44,30,37
523,Libbey,Robertshaw,Female,1,18,15,43,0,25,26
524,Robinetta,Chiechio,Female,1,24,0,5,87,60,25
525,Lek,Cassin,Male,1,0,30,30,39,92,23
526,Tirrell,Longwood,Male,3,28,14,81,11,30,63
527,Cos,Blaydon,Male,1,18,19,59,22,69,82
528,Hurleigh,Durdan,Male,1,26,44,57,45,73,37
529,Donni,Kernar,Female,10,21,1,75,96,9,17
530,Yoko,McNellis,Female,11,21,10,45,83,93,14
531,Nobe,Giacopini,Male,6,12,21,49,0,49,21
532,Tremayne,Tetla,Male,11,11,19,72,46,68,40
533,Lauren,Bruhn,Male,10,1,40,4,44,20,24
534,Devondra,Leijs,Female,7,6,32,5,56,35,49
535,Martie,Baudry,Female,2,0,6,34,5,53,6
536,Katharina,Delepine,Female,7,5,12,80,75,21,93
537,Martha,Tripp,Female,6,18,31,52,50,62,47
538,Angel,Rackham,Male,12,22,45,8,46,21,62
539,Kelly,Barrasse,Female,11,1,6,11,61,9,5
540,Shane,Powrie,Male,2,7,15,94,74,2,67
541,Cyrille,Dran,Male,10,18,39,27,69,94,24
542,Raffarty,Malletratt,Male,3,28,49,91,87,32,37
543,Ernesto,Connaughton,Male,1,10,30,80,4,96,95
544,Dasi,Downs,Female,5,21,3,10,3,13,82
545,Jere,Sedman,Female,11,30,36,96,10,84,6
546,Rayner,Burgett,Male,3,24,48,31,76,53,68
547,Yale,Cranidge,Male,10,28,34,84,33,50,17
548,Reinald,Warham,Male,10,23,31,88,52,100,62
549,Imelda,Oakton,Female,4,9,33,36,48,86,94
550,Stanislaus,Mainston,Male,4,21,35,3,45,91,90
551,George,Ludlamme,Male,7,26,20,6,2,94,94
552,Adelice,Carnegy,Female,11,20,41,27,95,46,41
553,Chiarra,Stratiff,Female,11,29,23,51,71,87,36
554,Filippa,Hoodlass,Female,12,21,4,16,76,79,45
555,Neile,Skein,Female,4,2,29,19,19,98,8
556,Grantham,Hawkin,Male,2,12,33,65,19,15,21
557,Sibby,Laise,Female,6,22,47,75,51,25,62
558,Lin,Leupold,Female,6,27,15,80,59,62,54
559,Maynard,Dougherty,Male,6,29,3,53,1,80,83
560,Ruben,Baumler,Male,7,14,24,63,66,50,73
561,Hewe,Helbeck,Male,7,13,24,56,90,41,39
562,Karissa,Halvosen,Female,4,24,27,46,83,89,97
563,Horton,Hover,Male,6,25,13,23,86,97,65
564,Auria,Cardenoso,Female,7,16,39,80,57,79,77
565,Latisha,McCowan,Female,11,30,27,82,68,76,90
566,Fraser,Gavey,Male,12,27,0,62,87,38,54
567,Willie,Lodevick,Female,9,17,36,2,97,28,72
568,Massimo,Haversham,Male,4,15,6,32,5,52,48
569,Sloan,Caldaro,Male,10,18,40,100,91,9,89
570,Vincenty,Atterley,Male,2,24,20,44,19,93,81
571,Marisa,Gronou,Female,10,21,35,33,0,21,60
572,Alexander,Haxley,Male,9,13,5,85,58,65,89
573,Salvidor,Shortall,Male,12,6,11,97,41,64,73
574,Leticia,Rumsby,Female,7,9,1,5,55,7,24
575,Dalis,McGlew,Male,8,1,47,78,76,9,18
576,Giuditta,Bumphries,Female,7,30,21,16,56,55,31
577,Isaac,Treen,Male,8,15,3,25,64,82,56
578,Les,Daskiewicz,Male,9,29,29,62,91,45,13
579,Jessi,Clementet,Female,12,2,15,70,21,3,66
580,Giulietta,Izsak,Female,4,0,48,1,89,23,74
581,Thatch,McTerlagh,Male,12,0,45,86,79,78,9
582,Willyt,Heibel,Female,2,16,28,92,94,90,15
583,Mickie,Dilliston,Male,1,7,30,98,25,8,95
584,Jamie,Hutcheson,Male,11,17,7,39,79,18,55
585,Hayyim,Arkin,Male,1,26,30,93,97,74,58
586,Fidela,Teasdale-Markie,Female,9,13,38,57,29,56,58
587,Ediva,Jerson,Female,8,17,21,29,68,58,46
588,Otis,Bleue,Male,12,9,2,13,5,42,42
589,Mart,Wolverson,Male,12,3,14,73,0,45,82
590,Ketty,Hakonsen,Female,8,8,14,25,44,89,30
591,Shelly,Adamkiewicz,Female,9,2,40,85,98,82,29
592,Melli,Caroli,Female,11,14,38,100,1,39,21
593,Trevor,Werndly,Male,8,14,6,5,79,61,52
594,Zollie,Fonte,Male,10,17,40,92,40,80,87
595,Steven,Bartoszinski,Male,6,16,15,25,32,68,57
596,Albie,Grzegorzewicz,Male,2,24,48,57,38,58,32
597,Wilbert,Tombs,Male,10,19,43,46,16,14,40
598,Marrilee,Whewell,Female,4,20,2,30,32,19,22
599,Porter,Chazerand,Male,2,0,10,16,2,26,10
600,Redford,Herreran,Male,5,14,41,98,20,56,43
601,Nolie,Aucott,Female,8,21,41,24,79,52,41
602,Dean,Playfoot,Male,10,2,17,65,95,72,86
603,Domini,Morphew,Female,7,24,31,74,77,78,82
604,Daryl,Ochterlonie,Male,11,1,40,26,66,56,74
605,Free,Kennifick,Male,5,3,7,23,40,31,81
606,Hilario,Steane,Male,6,23,47,57,87,100,84
607,Lavinie,Brunone,Female,12,1,44,52,35,40,14
608,Boone,Ginni,Male,10,25,20,96,84,27,59
609,Reilly,Cuttell,Male,4,22,14,90,5,68,9
610,Neill,Folley,Male,7,26,22,28,26,95,19
611,Westleigh,Gisbourn,Male,5,23,12,56,77,20,10
612,Laurianne,Gypson,Female,9,21,4,48,97,53,78
613,Sawyere,McGrane,Male,1,19,49,29,77,41,100
614,Neale,Elward,Male,2,11,9,30,80,78,98
615,Freeman,Lapthorn,Male,12,28,20,62,35,9,29
616,Kissee,Dongate,Female,3,3,6,21,68,12,35
617,Glenna,Juara,Female,12,10,10,66,58,69,51
618,Grata,Uden,Female,6,28,9,80,87,66,48
619,Barthel,Durram,Male,10,17,20,20,58,45,18
620,Boycey,Keepe,Male,3,22,6,28,97,10,94
621,Carita,Grisley,Female,7,19,37,93,98,90,100
622,Jobie,Northidge,Female,12,23,41,13,20,61,60
623,Sheilakathryn,Pelosi,Female,5,5,50,61,23,52,57
624,Larine,Keymer,Female,2,28,44,89,91,53,38
625,Eduino,Ivetts,Male,4,28,8,29,50,92,78
626,Kahaleel,Shute,Male,11,29,37,37,63,75,100
627,Blane,Veevers,Male,7,15,37,76,81,50,44
628,Crysta,McAlpin,Female,12,1,2,20,73,15,86
629,Jamesy,Tabard,Male,8,14,40,81,0,58,44
630,Gun,O'Lunny,Male,10,12,9,3,20,25,9
631,Leandra,Goldstein,Female,6,28,39,53,6,65,69
632,Tyne,Meenan,Female,3,11,50,23,89,40,6
633,Rubie,O'Deegan,Female,4,19,3,86,32,76,78
634,Towny,Nursey,Male,4,4,49,4,61,36,52
635,Cherlyn,Nuzzi,Female,1,12,40,52,31,86,71
636,Caron,Gibbieson,Female,10,28,24,77,21,62,85
637,Gratia,Pixton,Female,1,8,12,10,27,20,21
638,Bernie,Filasov,Male,9,20,6,71,89,31,9
639,Isabelle,Minall,Female,10,5,22,62,82,70,88
640,Shaylynn,Folini,Female,6,0,29,68,60,95,72
641,Larine,McCrachen,Female,3,28,50,18,89,42,22
642,Chloris,Furney,Female,7,16,8,74,87,60,71
643,Lindy,Cleveley,Male,3,30,25,56,95,49,40
644,Brianna,Garfitt,Female,7,28,11,8,69,30,42
645,Caprice,Ellerman,Female,8,17,24,100,8,86,65
646,Ann-marie,Mabb,Female,8,28,28,82,60,30,36
647,Zaccaria,Mabbott,Male,6,14,37,63,67,83,59
648,Erina,Beyn,Female,3,23,32,78,85,93,100
649,Lucinda,Foyster,Female,6,10,21,59,17,31,61
650,Winn,Carlson,Male,1,3,27,93,40,11,99
651,Celestyna,Demelt,Female,5,24,44,66,69,89,72
652,Christabel,Osboldstone,Female,1,2,42,31,38,33,71
653,Ginger,Boise,Female,1,19,37,87,23,72,13
654,Judas,Ventum,Male,7,15,41,65,5,35,79
655,Brand,Gilliver,Male,3,25,41,40,8,26,14
656,Maryellen,Valek,Female,3,8,31,52,55,61,63
657,Shae,Jordeson,Male,7,19,6,42,37,100,55
658,Brynne,Brands,Female,8,27,25,74,67,35,28
659,Adams,Stannis,Male,9,28,1,53,69,11,27
660,Abbe,Merali,Female,5,23,31,45,60,2,30
661,Zsazsa,Gheerhaert,Female,10,18,16,60,31,36,12
662,Daren,Moro,Male,1,15,23,55,61,25,79
663,Taite,Nafzger,Male,9,29,45,60,71,46,16
664,Tammie,Hovy,Male,12,30,14,5,31,79,100
665,Laurence,Mather,Male,10,27,33,81,69,58,33
666,Anselm,Charter,Male,4,21,21,67,33,43,72
667,Winston,McCrachen,Male,11,24,26,69,82,14,5
668,Ford,Bisgrove,Male,6,10,4,59,49,60,55
669,Tonia,Trodden,Female,3,28,6,20,88,11,14
670,Sharyl,Talmadge,Female,6,2,48,76,53,90,95
671,Turner,Peris,Male,10,22,49,68,26,7,20
672,Starlin,Durdan,Female,4,30,2,12,15,20,94
673,Kristien,Beazey,Female,10,26,22,51,51,14,27
674,Leigh,Hawkwood,Male,5,0,31,26,84,97,34
675,Ingar,Kettridge,Male,12,2,33,62,49,4,27
676,Malinda,Senn,Female,1,2,21,8,47,47,11
677,Colleen,Anear,Female,11,11,21,34,39,45,31
678,Sigfried,Postgate,Male,9,14,49,64,0,15,71
679,Ree,Millican,Female,12,16,30,45,64,70,26
680,Glenn,Jeffels,Female,1,27,32,12,51,94,95
681,Philippa,Beceril,Female,8,4,14,35,83,87,35
682,Yard,Merriday,Male,11,3,29,76,65,64,28
683,Corena,Benedikt,Female,6,18,18,79,68,97,100
684,Jonie,Addington,Female,9,4,4,84,40,77,79
685,Allen,D'Agostini,Male,11,0,50,14,49,15,60
686,Elset,Maulkin,Female,4,27,21,31,90,1,9
687,Emilie,Crossingham,Female,4,21,39,22,55,24,1
688,Gerrard,Drohun,Male,12,28,30,19,36,88,73
689,Tallie,McMurraya,Female,10,3,22,15,67,93,40
690,Maurine,Bew,Female,1,4,36,28,85,76,40
691,Izak,Alliberton,Male,6,20,4,2,89,54,88
692,Codie,Gidman,Male,1,4,32,84,1,61,0
693,Micki,Hentzeler,Female,6,25,35,98,71,32,46
694,Jere,Klementz,Male,3,14,41,20,62,55,60
695,Marshall,Callard,Male,5,25,2,51,13,87,23
696,Theo,Westcar,Male,9,29,23,91,84,77,20
697,Jewell,O'Teague,Female,11,29,13,46,32,8,40
698,Trent,Goudie,Male,11,7,14,95,81,0,33
699,Harv,Harbage,Male,5,18,47,35,34,32,47
700,Salaidh,Laydel,Female,8,25,34,96,94,71,61
701,Ethyl,McInnery,Female,9,25,11,80,70,97,78
702,Kelby,Burleigh,Male,10,23,13,63,6,50,94
703,Winfred,Yglesia,Male,4,12,46,42,99,36,49
704,Austine,Copins,Female,4,21,22,9,66,82,20
705,Rochette,Tomkiss,Female,8,27,17,30,5,43,75
706,Moria,Pietroni,Female,11,24,8,19,41,63,82
707,Humfrid,Tomkies,Male,1,16,6,33,49,96,3
708,Gisella,Dinsmore,Female,9,2,1,37,77,11,3
709,Inesita,Revance,Female,3,7,4,45,61,17,67
710,Christophorus,Izacenko,Male,9,11,28,54,60,72,38
711,Filberte,Layne,Male,2,27,28,67,23,47,12
712,Timothea,Merrison,Female,2,22,42,88,68,7,97
713,Glynn,Warren,Male,3,30,32,47,4,47,60
714,Mason,Gietz,Male,5,15,13,38,84,13,18
715,Manny,Pendrid,Male,11,24,5,63,83,87,48
716,Noby,Stoffel,Male,2,8,32,60,16,72,29
717,Cesya,Babon,Female,4,10,30,76,66,40,93
718,Burnard,Abilowitz,Male,4,13,11,44,7,13,94
719,Willem,Jozwik,Male,12,7,23,11,50,15,26
720,Burr,Cornils,Male,5,29,36,20,71,74,1
721,Boyd,Hrinishin,Male,3,4,3,63,49,28,96
722,Marlyn,Sheehan,Female,1,23,40,14,99,87,86
723,Virgilio,Whitwham,Male,6,29,29,43,30,82,18
724,Faunie,Bunyard,Female,3,15,4,30,8,40,5
725,Ripley,Ummfrey,Male,3,15,6,61,92,24,40
726,Bennett,Bestman,Male,2,23,4,47,41,5,51
727,Omar,Trench,Male,3,21,41,78,39,69,5
728,Luke,Hovenden,Male,11,10,45,99,27,24,46
729,Debra,Jerdon,Female,3,17,49,91,41,69,12
730,Sinclair,Blaksley,Male,5,7,33,97,67,75,83
731,Georgeta,Bowich,Female,2,28,16,18,20,39,6
732,North,McQuaide,Male,4,24,29,61,81,26,93
733,Maurice,Caldero,Male,4,18,44,25,31,68,32
734,Olive,Tukesby,Female,6,29,24,100,85,83,21
735,Ivie,Loiterton,Female,5,29,17,69,93,71,26
736,Virginie,Corrie,Female,2,17,49,70,9,23,48
737,Parker,McCart,Male,2,14,46,75,46,24,56
738,Maryanna,Betteridge,Female,6,3,14,58,76,41,28
739,Daffi,Palin,Female,8,10,38,29,86,0,94
740,Ogden,Riddett,Male,11,6,5,29,99,22,81
741,Amos,Esland,Male,3,21,25,41,38,2,86
742,Gerrard,Paynter,Male,3,5,46,42,43,53,29
743,Giffard,Galbraeth,Male,11,2,26,37,53,15,16
744,Jule,By,Male,9,2,25,6,88,52,94
745,Angelica,Francesco,Female,4,7,9,51,18,54,29
746,Ginni,Birtchnell,Female,5,26,48,99,74,33,20
747,Gwendolen,Twohig,Female,3,14,39,82,62,41,53
748,Wit,McAlpine,Male,10,14,15,29,81,53,93
749,Goldie,Colliard,Female,8,16,47,33,23,2,95
750,Paolina,Twinborne,Female,4,13,42,79,46,63,61
751,Amory,Bellocht,Male,6,20,9,43,44,40,39
752,Rosa,Imloch,Female,5,17,9,12,50,41,24
753,Valera,Itzkovwich,Female,6,24,50,54,32,4,80
754,Alejoa,Scyone,Male,3,13,11,46,69,94,90
755,Vic,Drakers,Male,8,9,5,56,7,10,6
756,Dedie,Broy,Female,12,8,31,79,41,65,55
757,Kiah,Terrey,Female,12,6,35,64,58,75,91
758,Nicolea,Hare,Female,3,29,34,87,83,3,25
759,Merralee,Gilmore,Female,2,22,19,48,4,87,86
760,Daven,Tethacot,Male,12,15,14,64,59,68,56
761,Keir,Small,Male,8,28,40,65,17,7,81
762,Farleigh,Duffitt,Male,5,5,35,68,83,16,51
763,Ferd,Coulston,Male,10,15,25,19,40,11,13
764,Chevalier,Rushbrooke,Male,7,6,4,40,46,94,100
765,Peggie,Izod,Female,10,4,39,63,52,62,40
766,Atlante,Swindells,Female,5,26,48,70,46,35,69
767,Johny,Storres,Male,2,25,18,41,70,1,16
768,Giacobo,Babidge,Male,3,29,46,41,98,63,57
769,Pattie,Jakucewicz,Male,3,10,28,92,13,58,72
770,Cy,Boyer,Male,9,27,7,1,69,21,22
771,Brewer,Salway,Male,8,9,19,59,31,22,71
772,Timmy,Geraldez,Female,6,17,25,68,80,48,61
773,Krystle,Reese,Female,9,21,43,7,11,80,91
774,Eleen,Spreckley,Female,2,26,14,72,37,74,72
775,Clayton,Kilbride,Male,7,27,25,87,77,44,99
776,Gian,Cleator,Male,2,10,25,11,52,56,21
777,Orin,Bufton,Male,3,17,20,86,74,59,89
778,Darb,Domegan,Male,8,24,2,93,95,9,77
779,Fredelia,Musselwhite,Female,5,22,34,24,67,45,52
780,Kiele,Matheson,Female,5,21,50,92,40,94,76
781,Osbourne,Chomicki,Male,2,14,1,17,7,70,59
782,Dennis,Mees,Male,2,12,19,50,16,19,42
783,Drucie,Fulop,Female,5,15,40,71,67,8,83
784,Lanita,Craddy,Female,5,7,38,24,77,100,11
785,Pierrette,Macbane,Female,4,27,19,77,30,15,50
786,Chandal,Borborough,Female,1,29,23,58,19,14,23
787,Nealy,Curror,Male,4,21,27,65,12,13,6
788,Aubine,Izzard,Female,6,29,3,40,71,65,76
789,Uriah,Izakov,Male,5,12,44,97,27,50,12
790,Hogan,Dohmann,Male,8,16,25,34,90,28,58
791,Gerianna,Fotitt,Female,9,6,34,0,26,15,67
792,Vincenty,Melbert,Male,4,14,12,68,2,95,6
793,Leighton,Croose,Male,8,15,2,17,53,81,14
794,Gordy,Gibbie,Male,12,15,13,9,48,45,82
795,Francesco,Dalglish,Male,5,10,38,54,96,81,18
796,Rhetta,Campaigne,Female,11,11,49,81,1,4,55
797,Malena,Huke,Female,3,7,30,22,10,23,82
798,Gawen,Skevington,Male,5,21,17,44,5,65,20
799,Wanda,Arkin,Female,9,9,26,94,14,57,83
800,Juliann,Ineson,Female,11,9,41,15,72,87,96
801,Willdon,Leneve,Male,2,16,21,67,82,83,49
802,Abba,Stanex,Male,2,21,39,80,88,83,65
803,Nahum,Oliphant,Male,8,9,22,5,71,89,10
804,Oby,Geerling,Male,9,18,9,73,28,73,7
805,Skippy,Bettlestone,Male,11,25,20,55,11,78,56
806,Kaitlyn,Abrahams,Female,1,19,25,1,23,83,96
807,Hebert,Zarb,Male,7,14,3,36,26,59,32
808,Ediva,Smees,Female,4,17,14,93,4,45,0
809,Yule,Oleshunin,Male,12,26,5,67,29,12,4
810,Goldarina,Moizer,Female,8,17,33,67,1,48,71
811,Gwennie,Diament,Female,9,3,12,35,61,67,20
812,Natty,Ling,Female,9,21,9,47,26,49,2
813,Maybelle,Quinnell,Female,11,27,25,81,42,54,3
814,Clemens,Rodrigo,Male,6,10,43,32,79,93,59
815,Nissa,Oiller,Female,1,29,17,52,91,89,93
816,Terese,Drewett,Female,9,25,49,30,43,67,92
817,Sander,Edgcumbe,Male,8,28,28,98,66,17,74
818,Aksel,Loukes,Male,7,10,5,39,47,77,23
819,Gill,Scutchin,Female,3,10,39,13,48,59,78
820,Vincent,Klebes,Male,5,1,29,35,30,71,41
821,Frazier,Aldam,Male,5,2,11,26,13,66,69
822,Codee,Seaborne,Female,3,3,27,68,84,42,49
823,Sunny,Hutchens,Female,3,11,45,72,30,62,35
824,Philis,Glauber,Female,3,18,42,2,77,9,80
825,Elizabeth,Dews,Female,8,1,21,99,78,37,78
826,Anabelle,Briscam,Female,10,17,14,40,0,7,77
827,Dael,Di Giacomettino,Male,6,26,19,18,9,92,55
828,Kerri,Nevitt,Female,8,2,6,83,54,2,58
829,Pamelina,Burness,Female,4,29,8,40,25,74,5
830,Trip,Lattey,Male,12,23,14,14,80,8,3
831,Hank,McMylor,Male,8,4,23,75,11,26,83
832,Andres,Hemshall,Male,3,10,44,59,40,83,43
833,Bordie,Golsby,Male,4,25,43,14,53,24,25
834,Hall,Gisborne,Male,1,3,23,12,39,45,99
835,Adelina,Swanston,Female,9,18,14,62,81,13,85
836,Pietrek,Andriveaux,Male,12,25,39,18,3,74,85
837,Tristan,Romans,Male,5,28,7,67,71,86,39
838,Reggi,McKenzie,Female,3,26,17,54,100,53,27
839,Binni,McGeaney,Female,5,23,18,82,18,29,52
840,Lorene,Towne,Female,9,20,29,75,11,72,99
841,Bartholemy,Pechet,Male,3,21,17,75,65,16,100
842,Rinaldo,Moloney,Male,4,9,38,49,80,93,5
843,Raviv,Gulliman,Male,11,22,10,17,8,40,69
844,Martica,Alyukin,Female,2,23,8,57,71,32,34
845,Arthur,Gregoli,Male,5,9,39,9,70,42,22
846,Matty,Capaldi,Female,7,25,35,66,32,60,65
847,Don,Meek,Male,4,10,3,56,87,36,83
848,Abie,Hayball,Male,3,21,8,57,92,84,34
849,Gail,Ciepluch,Male,10,29,32,31,98,61,100
850,Jonie,Calbaithe,Female,7,24,15,12,17,4,63
851,Kendra,Siddons,Female,8,5,45,14,62,95,17
852,Darsey,Storm,Female,12,5,49,8,88,60,85
853,Nicolette,Helversen,Female,10,22,8,98,45,3,76
854,Elspeth,Sturges,Female,12,0,38,18,73,74,7
855,Fallon,Medwell,Female,6,9,45,52,65,17,33
856,Dorthea,Asals,Female,11,4,32,23,42,9,5
857,Annabella,Hempel,Female,4,1,2,83,72,76,73
858,Thane,Vischi,Male,4,13,25,13,0,71,2
859,Holly-anne,Mawby,Female,9,30,8,32,13,20,98
860,Jedidiah,Eskrick,Male,12,30,16,84,42,99,47
861,Durant,Maliphant,Male,7,2,48,100,46,85,54
862,Giustina,Hains,Female,1,17,8,45,35,61,41
863,Kaspar,Blumsom,Male,6,13,11,21,46,82,93
864,Brade,Dowdall,Male,2,17,9,93,71,62,39
865,Crysta,Geggie,Female,8,23,22,71,48,89,69
866,Frasier,Dinan,Male,11,21,20,63,76,48,84
867,Justin,Ackeroyd,Male,9,19,1,99,41,26,85
868,Chas,Densun,Male,6,28,27,11,49,16,14
869,Halette,Flatte,Female,6,4,45,66,47,82,28
870,Gina,Harmstone,Female,6,7,46,52,69,7,78
871,Eloise,Tampion,Female,7,11,22,96,29,64,86
872,Stavro,Ebden,Male,6,17,31,74,85,10,16
873,Zarah,Deniskevich,Female,8,8,22,13,56,3,62
874,Clementia,Newling,Female,5,21,43,60,75,59,92
875,Albert,Walworth,Male,8,29,48,94,88,44,67
876,Cori,Kunert,Male,6,30,25,55,89,34,34
877,Cyndie,Abramamovh,Female,7,30,35,46,3,75,54
878,Pippy,Stowgill,Female,4,0,7,65,45,69,84
879,Tybie,Grassot,Female,5,4,37,48,61,23,65
880,Melli,O'Gready,Female,2,30,36,53,16,61,50
881,Gonzales,de Lloyd,Male,4,22,9,67,98,18,72
882,Garner,Tyrwhitt,Male,1,23,50,10,38,96,9
883,Eula,Piatti,Female,11,5,16,25,43,71,14
884,Mignonne,Gegg,Female,12,29,15,55,43,96,93
885,Pete,Sterke,Male,3,29,31,57,81,64,53
886,Robbie,Mee,Female,6,3,0,84,59,91,23
887,Parnell,Jerzyk,Male,10,16,10,46,40,27,82
888,Annecorinne,Dowdam,Female,11,21,10,65,48,91,38
889,Jake,Verni,Male,10,25,46,26,67,93,9
890,Ethelred,Tomkin,Male,2,15,32,99,73,18,92
891,Bailey,Jiroutka,Male,11,24,36,97,65,50,70
892,Jedediah,Congreve,Male,4,18,11,79,23,37,88
893,Hewett,Wonfor,Male,5,12,23,64,2,81,46
894,Ofella,Altofts,Female,4,17,28,72,49,78,53
895,Marcy,Salvadori,Female,4,23,23,47,21,99,14
896,Keane,Aleixo,Male,4,15,17,18,82,86,51
897,Dieter,Timeby,Male,8,0,38,4,79,5,54
898,Addie,Cranfield,Male,7,11,1,98,4,33,30
899,Tyler,Clow,Male,5,26,41,54,4,75,49
900,Chick,Swinney,Male,1,21,18,66,87,96,19
901,Nealy,Orwin,Male,10,30,26,100,53,77,24
902,Gerhard,Moulster,Male,9,11,4,18,47,25,34
903,Hi,Lowcock,Male,7,2,23,66,77,34,38
904,Filippo,Duckerin,Male,9,3,3,16,53,81,37
905,Farlay,De Biasio,Male,12,5,31,46,4,25,26
906,Greg,Standring,Male,1,2,22,71,44,65,95
907,Stevy,Sands-Allan,Male,10,6,11,62,99,79,12
908,Gaby,Redd,Male,8,13,50,42,21,87,26
909,Moses,Lared,Male,12,23,33,4,80,85,69
910,Eva,Clail,Female,6,20,1,5,82,7,6
911,Filberto,Thomkins,Male,10,12,33,94,27,22,31
912,Rollins,Durtnell,Male,8,8,15,91,89,86,6
913,Jorrie,Ovitz,Female,11,14,39,49,30,97,79
914,Boycey,Domoney,Male,8,5,41,39,45,45,85
915,Erek,Plowes,Male,2,5,12,31,44,0,13
916,Giffard,Crossley,Male,12,13,36,93,33,14,36
917,Lucias,Blazej,Male,9,14,31,74,57,66,29
918,Sandro,Figiovanni,Male,10,6,5,21,38,11,37
919,Willow,Mcimmie,Female,8,13,3,74,77,5,62
920,Bel,Wille,Female,4,3,12,50,43,0,11
921,Ramona,Foyston,Female,12,10,0,71,67,18,9
922,Ariel,Hayhurst,Female,1,8,23,96,13,43,65
923,Danny,Grzegorecki,Male,8,7,23,1,47,48,26
924,Sandye,Gives,Female,10,25,11,54,10,4,65
925,Tabby,MacGregor,Female,6,6,24,94,53,1,17
926,Gusti,Mennear,Female,7,30,8,21,49,41,20
927,Julianna,Baptie,Female,4,29,15,10,3,39,45
928,Raymond,Skoggings,Male,7,16,9,77,87,83,78
929,Katey,MacVicar,Female,3,8,41,28,17,23,61
930,Dagny,Monteaux,Male,10,0,0,60,23,18,57
931,Lynnett,Haldin,Female,1,5,20,89,25,80,25
932,Joy,Campey,Female,8,15,38,12,2,97,66
933,Barney,Binny,Male,9,3,29,39,72,29,12
934,Gwendolin,Emblow,Female,5,17,18,51,34,40,40
935,Eugenius,Kibel,Male,12,23,44,44,21,84,59
936,Alonzo,Barbie,Male,2,8,43,41,3,68,64
937,Taddeusz,Barsby,Male,7,25,12,45,53,61,84
938,Lisle,Lorente,Male,6,7,49,65,4,23,39
939,Gare,Josling,Male,10,20,50,58,89,74,59
940,Ancell,Scottesmoor,Male,9,26,37,4,14,39,70
941,Tildie,Simonds,Female,7,10,12,69,16,69,31
942,Umeko,Walesa,Female,10,15,8,13,76,60,90
943,Federico,Menghi,Male,7,25,0,93,15,8,81
944,Pryce,Tegeller,Male,2,12,1,7,5,19,11
945,Henriette,Fourmy,Female,7,20,15,89,27,26,94
946,Brendan,Shoveller,Male,3,27,29,39,57,46,92
947,Alexandra,Cruess,Female,8,6,48,100,30,68,0
948,Lenee,Espinos,Female,8,28,15,86,90,13,32
949,Kevon,Perulli,Male,10,29,14,69,31,62,12
950,Robert,Churcher,Male,7,23,28,56,67,30,15
951,Yurik,Bernardy,Male,10,11,43,66,15,76,62
952,Alyse,Abbiss,Female,6,6,36,82,7,88,68
953,Grayce,Dametti,Female,2,7,48,66,95,43,88
954,Virginie,Kinglesyd,Female,8,24,33,22,68,27,29
955,Katleen,Marshalleck,Female,3,12,20,58,100,95,64
956,Karisa,Champion,Female,1,7,6,10,46,72,83
957,Nickola,Rait,Male,6,16,3,98,20,9,19
958,Hagen,Bladen,Male,9,22,39,81,1,39,59
959,Meghann,Connechie,Female,2,20,42,76,69,14,57
960,Engelbert,Gricks,Male,12,20,45,23,30,46,67
961,Connie,Milverton,Female,10,9,43,53,89,94,91
962,Andres,Ghio,Male,5,21,11,83,73,82,25
963,Ephraim,Cuttings,Male,7,2,33,98,77,16,80
964,Walden,Clac,Male,9,30,7,91,1,18,92
965,Doe,Michael,Female,4,25,20,45,65,8,28
966,Lizbeth,Bowkley,Female,6,27,23,45,38,34,42
967,Reagan,Pevreal,Male,6,14,10,86,62,38,7
968,Sandie,Gerhartz,Female,1,11,23,59,42,22,98
969,Carita,Bruce,Female,9,6,16,46,15,26,21
970,Griffy,Goggey,Male,8,18,45,31,18,14,41
971,Ava,Dungate,Female,6,1,28,51,38,58,24
972,Staci,McFeate,Female,3,26,12,77,45,39,62
973,Emelina,Vannuchi,Female,1,14,23,42,18,14,42
974,Rowan,Shark,Male,2,0,23,29,46,47,42
975,Bartolomeo,Glanders,Male,8,11,4,63,89,92,64
976,Harley,D'Abbot-Doyle,Female,7,23,18,72,24,80,6
977,Freddi,Scolli,Female,2,3,13,1,98,26,35
978,Stacee,Pessel,Female,6,21,48,92,33,42,55
979,Sadella,Lobell,Female,6,17,49,14,86,50,81
980,Dietrich,Osgardby,Male,9,23,4,30,72,88,93
981,Leese,Rowbury,Female,9,0,28,30,69,14,69
982,Vicky,Regardsoe,Female,9,24,25,90,30,14,7
983,Emmie,Bendare,Female,9,25,32,43,72,53,57
984,Gaylor,Marshalleck,Male,4,11,32,66,20,53,88
985,Karen,Kinmond,Female,1,9,21,15,81,43,31
986,Lea,Skates,Female,4,11,17,64,37,81,46
987,Glennie,Philpotts,Female,2,0,29,99,13,91,50
988,Terrell,Jagels,Male,11,26,26,74,16,52,27
989,Joella,Crielly,Female,9,30,31,7,72,26,49
990,Rasla,Aikenhead,Female,7,6,5,67,94,88,5
991,Zia,Josilevich,Female,10,10,37,16,35,18,58
992,Maximilianus,Duffin,Male,5,25,4,77,85,72,12
993,Shalne,Roderigo,Female,1,7,2,46,29,25,65
994,Dolores,Boothroyd,Female,10,19,44,82,28,11,42
995,Thatcher,Kendal,Male,2,28,46,42,8,89,64
996,Correy,Danett,Female,7,9,35,67,15,80,88
997,Ravid,Kochlin,Male,9,17,18,25,92,41,42
998,Clemens,Brik,Male,8,14,0,30,55,11,31
999,Ernst,Skedge,Male,12,14,29,87,82,16,2
1000,Elmo,Kuhlmey,Male,3,19,21,60,54,49,19
